Book Title,Customer Name
ALEX CROSS, 
BIG BEAR AND LITTLE DOVE,TAMMY GIANA
BIG BEAR AND LITTLE DOVE,STEVE SCHELL
BIG BEAR AND LITTLE DOVE,BECCA NELSON
BODYBUILD IN 10 MINUTES A DAY,BONITA MORALES
BODYBUILD IN 10 MINUTES A DAY,JAKE LUCAS
BUILDING A CAR WITH TOOTHPICKS, 
COOKING FOR ONE, 
COOKING WITH MUSHROOMS,CINDY GIRARD
COOKING WITH MUSHROOMS,CINDY GIRARD
COOKING WITH MUSHROOMS,THOMAS PIERSON
COOKING WITH MUSHROOMS,BONITA MORALES
COOKING WITH MUSHROOMS,BONITA MORALES
COOKING WITH MUSHROOMS,JAKE LUCAS
COOKING WITH MUSHROOMS,KENNETH JONES
COOKING WITH MUSHROOMS,KENNETH FALAH
CROSS JUSTICE, 
CROSS KILL, 
CROSS THE LINE, 
Cooking With Class, 
DATABASE IMPLEMENTATION,BONITA MORALES
DATABASE IMPLEMENTATION,KENNETH FALAH
DATABASE IMPLEMENTATION,BONITA MORALES
DATABASE IMPLEMENTATION,REESE MCGOVERN
DATABASE IMPLEMENTATION,JASMINE LEE
DATABASE IMPLEMENTATION,JENNIFER SMITH
DATABASE IMPLEMENTATION,TAMMY GIANA
DOUBLE CROSS, 
E-BUSINESS THE EASY WAY,TAMMY GIANA
E-BUSINESS THE EASY WAY,JAKE LUCAS
E-BUSINESS THE EASY WAY,LEILA SMITH
EXERCISE YOUR WAY TO HEALTH, 
GOLDEN SON, 
GOLDEN SON, 
HANDCRANKED COMPUTERS,BECCA NELSON
HOLY GRAIL OF ORACLE,TAMMY GIANA
HOW TO GET FASTER PIZZA,KENNETH FALAH
HOW TO MANAGE THE MANAGER,JAKE LUCAS
IRON GOLD, 
"MIND, BODY, SPIRIT", 
MORNING STAR, 
PAINLESS CHILD-REARING,JAKE LUCAS
PAINLESS CHILD-REARING,BECCA NELSON
PAINLESS CHILD-REARING,KENNETH FALAH
PAINLESS CHILD-REARING,JAKE LUCAS
PAINLESS CHILD-REARING,LEILA SMITH
PILATES FOR EVERYONE, 
RAISING INDEPENDENT KIDS, 
RED RISING, 
REVENGE OF MICKEY,GREG MONTIASA
REVENGE OF MICKEY,BECCA NELSON
REVENGE OF MICKEY,TAMMY GIANA
REVENGE OF MICKEY,CINDY GIRARD
SHORTEST POEMS,GREG MONTIASA
THE FAMILY BUDGET, 
THE WOK WAY TO COOK, 
